Student_ID,Course_Name,Gender(F1),Major(F2),Level(F3),High_School_GPA(F4),Home_City_Code(F5),University_GPA(F6),Course_Type(F7),Teacher_Grade(F8),Grade
S0001,Eng101,F,SE,L1,EXCELLENT,IN_REGION,GOOD,L,NACDM,80
S0002,Phys101,F,CS,L1,GOOD,IN_REGION,VERYGOOD,C,PROF,60
S0003,Chem101,F,SE,L3,VERYGOOD,OUT_REGION,PASS,L,PROF,80
S0004,Bio101,M,CS,L2,VERYGOOD,IN_REGION,EXCELLENT,B,NACDM,99
S0005,Chem101,M,SE,L1,PASS,OUT_REGION,GOOD,B,ASOC,97
S0006,Eng101,M,IT,L3,GOOD,IN_REGION,EXCELLENT,L,PROF,54
S0007,Bio101,M,SE,L3,EXCELLENT,OUT_REGION,PASS,L,NACDM,63
S0008,Phys101,F,IT,L3,EXCELLENT,OUT_REGION,EXCELLENT,C,ASSTS,56
S0009,Bio101,F,SE,L4,PASS,OUT_REGION,VERYGOOD,B,NACDM,61
S0010,Eng101,F,IS,L2,GOOD,IN_REGION,VERYGOOD,L,LECTR,96
S0011,Bio101,M,IT,L2,EXCELLENT,IN_REGION,PASS,C,ASSTS,86
S0012,Eng101,F,CS,L2,GOOD,OUT_REGION,EXCELLENT,L,PROF,98
S0013,Chem101,F,SE,L2,VERYGOOD,OUT_REGION,GOOD,C,ASOC,57
S0014,Phys101,M,CS,L4,EXCELLENT,IN_REGION,EXCELLENT,B,NACDM,82
S0015,Phys101,M,SE,L4,PASS,IN_REGION,VERYGOOD,L,LECTR,67
S0016,Chem101,F,CS,L2,GOOD,OUT_REGION,PASS,B,ASSTS,60
S0017,Math101,F,SE,L4,VERYGOOD,OUT_REGION,PASS,L,ASOC,73
S0018,Phys101,F,IS,L2,GOOD,OUT_REGION,GOOD,C,NACDM,66
S0019,Math101,M,SE,L3,VERYGOOD,OUT_REGION,PASS,B,NACDM,62
S0020,Eng101,M,IS,L1,PASS,OUT_REGION,GOOD,L,NACDM,62
S0021,Math101,M,IT,L3,GOOD,IN_REGION,EXCELLENT,B,ASOC,82
S0022,Chem101,M,IS,L4,PASS,IN_REGION,EXCELLENT,C,LECTR,98
S0023,Bio101,F,IT,L4,GOOD,OUT_REGION,GOOD,C,ASSTS,66
S0024,Chem101,M,IS,L4,EXCELLENT,OUT_REGION,PASS,L,NACDM,76
S0025,Phys101,F,SE,L3,GOOD,OUT_REGION,EXCELLENT,L,ASSTS,59
S0026,Phys101,M,IS,L1,EXCELLENT,IN_REGION,VERYGOOD,B,NACDM,87
S0027,Phys101,F,IS,L1,GOOD,OUT_REGION,GOOD,C,ASOC,83
S0028,Chem101,F,IS,L4,EXCELLENT,OUT_REGION,EXCELLENT,B,ASSTS,62
S0029,Phys101,M,IS,L1,VERYGOOD,OUT_REGION,GOOD,L,LECTR,99
S0030,Math101,F,IT,L1,PASS,OUT_REGION,EXCELLENT,B,PROF,67
S0031,Bio101,F,IT,L3,EXCELLENT,OUT_REGION,PASS,L,NACDM,73
S0032,Bio101,M,IS,L1,EXCELLENT,OUT_REGION,PASS,C,ASSTS,100
S0033,Math101,F,IS,L1,PASS,IN_REGION,VERYGOOD,L,ASOC,70
S0034,Math101,F,IT,L1,GOOD,OUT_REGION,EXCELLENT,L,LECTR,97
S0035,Math101,F,IS,L3,PASS,OUT_REGION,PASS,C,ASOC,52
S0036,Math101,M,IS,L3,PASS,IN_REGION,VERYGOOD,C,ASSTS,50
S0037,Chem101,F,SE,L4,GOOD,IN_REGION,VERYGOOD,L,ASOC,69
S0038,Eng101,M,SE,L3,GOOD,IN_REGION,GOOD,L,LECTR,99
S0039,Math101,F,IT,L2,PASS,OUT_REGION,GOOD,L,PROF,55
S0040,Chem101,M,IT,L1,GOOD,IN_REGION,GOOD,L,ASSTS,52
S0041,Eng101,F,CS,L1,PASS,IN_REGION,VERYGOOD,B,LECTR,98
S0042,Eng101,F,SE,L3,PASS,OUT_REGION,VERYGOOD,C,NACDM,65
S0043,Phys101,M,CS,L2,GOOD,OUT_REGION,EXCELLENT,L,ASSTS,90
S0044,Eng101,M,SE,L2,VERYGOOD,IN_REGION,GOOD,C,NACDM,95
S0045,Bio101,F,SE,L1,EXCELLENT,IN_REGION,VERYGOOD,C,NACDM,77
S0046,Bio101,M,IT,L2,PASS,IN_REGION,VERYGOOD,C,PROF,51
S0047,Eng101,M,CS,L4,PASS,OUT_REGION,VERYGOOD,L,NACDM,80
S0048,Bio101,M,CS,L4,PASS,OUT_REGION,EXCELLENT,C,LECTR,61
S0049,Math101,F,SE,L1,EXCELLENT,OUT_REGION,VERYGOOD,L,NACDM,95
S0050,Phys101,M,IS,L4,EXCELLENT,OUT_REGION,GOOD,L,LECTR,86
S0051,Chem101,M,IS,L2,VERYGOOD,IN_REGION,EXCELLENT,C,ASSTS,100
S0052,Eng101,M,SE,L4,PASS,IN_REGION,VERYGOOD,L,PROF,61
S0053,Math101,M,CS,L4,GOOD,IN_REGION,PASS,B,PROF,79
S0054,Phys101,M,IT,L3,PASS,IN_REGION,VERYGOOD,L,ASOC,75
S0055,Chem101,F,IS,L3,VERYGOOD,IN_REGION,PASS,L,ASSTS,100
S0056,Bio101,F,CS,L4,PASS,IN_REGION,EXCELLENT,C,ASSTS,70
S0057,Math101,F,CS,L1,VERYGOOD,IN_REGION,EXCELLENT,L,NACDM,96
S0058,Eng101,F,SE,L3,EXCELLENT,IN_REGION,PASS,L,ASSTS,93
S0059,Bio101,F,IS,L2,PASS,IN_REGION,GOOD,C,ASSTS,70
S0060,Phys101,M,IT,L2,GOOD,OUT_REGION,EXCELLENT,L,LECTR,85
S0061,Eng101,M,SE,L1,EXCELLENT,IN_REGION,EXCELLENT,B,PROF,63
S0062,Phys101,F,SE,L4,GOOD,IN_REGION,VERYGOOD,C,ASSTS,80
S0063,Chem101,M,IT,L2,VERYGOOD,OUT_REGION,GOOD,L,ASSTS,63
S0064,Math101,F,CS,L3,GOOD,IN_REGION,VERYGOOD,B,PROF,81
S0065,Chem101,M,IT,L2,GOOD,OUT_REGION,GOOD,C,PROF,79
S0066,Eng101,M,CS,L3,EXCELLENT,IN_REGION,PASS,L,LECTR,52
S0067,Chem101,F,CS,L2,VERYGOOD,IN_REGION,PASS,B,ASOC,62
S0068,Chem101,F,IS,L4,PASS,OUT_REGION,EXCELLENT,C,ASOC,60
S0069,Phys101,M,IS,L2,GOOD,IN_REGION,GOOD,L,NACDM,75
S0070,Eng101,M,SE,L2,EXCELLENT,IN_REGION,PASS,C,ASSTS,54
S0071,Phys101,F,CS,L4,PASS,IN_REGION,GOOD,B,ASSTS,54
S0072,Phys101,M,SE,L2,EXCELLENT,OUT_REGION,EXCELLENT,C,LECTR,72
S0073,Eng101,F,IT,L2,EXCELLENT,OUT_REGION,GOOD,C,NACDM,100
S0074,Chem101,M,IT,L4,VERYGOOD,IN_REGION,PASS,C,ASOC,62
S0075,Phys101,F,IS,L3,EXCELLENT,IN_REGION,GOOD,L,ASSTS,62
S0076,Bio101,F,IS,L4,PASS,OUT_REGION,VERYGOOD,B,PROF,65
S0077,Math101,M,SE,L3,EXCELLENT,IN_REGION,EXCELLENT,B,LECTR,74
S0078,Chem101,M,CS,L1,VERYGOOD,OUT_REGION,VERYGOOD,B,ASSTS,80
S0079,Chem101,M,IT,L4,EXCELLENT,IN_REGION,PASS,C,LECTR,88
S0080,Chem101,F,IS,L1,VERYGOOD,OUT_REGION,GOOD,L,ASOC,94
S0081,Eng101,M,SE,L3,VERYGOOD,IN_REGION,VERYGOOD,B,ASSTS,69
S0082,Chem101,F,SE,L2,PASS,OUT_REGION,PASS,L,LECTR,52
S0083,Phys101,F,IT,L3,VERYGOOD,IN_REGION,VERYGOOD,L,NACDM,92
S0084,Bio101,F,IS,L1,PASS,OUT_REGION,EXCELLENT,B,NACDM,70
S0085,Chem101,M,CS,L4,PASS,IN_REGION,EXCELLENT,C,NACDM,99
S0086,Eng101,F,SE,L2,VERYGOOD,IN_REGION,VERYGOOD,C,PROF,84
S0087,Eng101,F,CS,L1,VERYGOOD,IN_REGION,PASS,B,PROF,84
S0088,Math101,F,IS,L2,VERYGOOD,OUT_REGION,EXCELLENT,L,LECTR,72
S0089,Phys101,M,CS,L4,PASS,IN_REGION,EXCELLENT,B,NACDM,77
S0090,Bio101,F,SE,L3,EXCELLENT,OUT_REGION,GOOD,B,ASOC,83
S0091,Bio101,F,CS,L3,VERYGOOD,OUT_REGION,GOOD,C,ASSTS,55
S0092,Phys101,F,IS,L4,GOOD,IN_REGION,VERYGOOD,C,PROF,65
S0093,Eng101,F,IS,L1,VERYGOOD,IN_REGION,VERYGOOD,C,LECTR,83
S0094,Chem101,F,IS,L4,VERYGOOD,OUT_REGION,VERYGOOD,B,ASOC,71
S0095,Bio101,F,SE,L4,GOOD,IN_REGION,GOOD,B,ASOC,95
S0096,Chem101,F,IS,L4,GOOD,IN_REGION,PASS,C,ASOC,87
S0097,Phys101,F,IS,L1,PASS,IN_REGION,PASS,C,NACDM,72
S0098,Chem101,M,IS,L2,VERYGOOD,IN_REGION,VERYGOOD,C,PROF,53
S0099,Phys101,F,IT,L1,EXCELLENT,IN_REGION,PASS,B,ASOC,80
S0100,Bio101,M,IS,L4,PASS,OUT_REGION,PASS,C,ASSTS,92
S0101,Bio101,M,IT,L4,PASS,IN_REGION,GOOD,C,PROF,64
S0102,Bio101,F,CS,L3,EXCELLENT,IN_REGION,PASS,L,PROF,90
S0103,Chem101,F,IS,L2,GOOD,OUT_REGION,VERYGOOD,B,NACDM,83
S0104,Phys101,F,IS,L1,PASS,OUT_REGION,GOOD,C,PROF,87
S0105,Chem101,M,IS,L2,EXCELLENT,OUT_REGION,VERYGOOD,L,ASSTS,99
S0106,Phys101,F,CS,L3,VERYGOOD,IN_REGION,VERYGOOD,L,ASSTS,68
S0107,Chem101,M,IS,L1,GOOD,OUT_REGION,GOOD,L,ASSTS,100
S0108,Phys101,F,IT,L1,VERYGOOD,OUT_REGION,VERYGOOD,B,ASOC,66
S0109,Bio101,M,IS,L3,PASS,OUT_REGION,VERYGOOD,C,ASOC,57
S0110,Chem101,F,CS,L3,EXCELLENT,IN_REGION,GOOD,L,NACDM,89
S0111,Phys101,M,IT,L3,PASS,IN_REGION,GOOD,B,PROF,83
S0112,Bio101,F,CS,L4,PASS,IN_REGION,PASS,B,ASOC,62
S0113,Chem101,M,CS,L3,GOOD,IN_REGION,PASS,B,ASOC,92
S0114,Chem101,M,IS,L1,EXCELLENT,OUT_REGION,VERYGOOD,L,LECTR,78
S0115,Phys101,M,IT,L2,PASS,IN_REGION,PASS,L,ASSTS,90
S0116,Phys101,M,IS,L2,GOOD,OUT_REGION,EXCELLENT,C,PROF,75
S0117,Math101,M,SE,L3,VERYGOOD,OUT_REGION,EXCELLENT,B,NACDM,82
S0118,Eng101,F,CS,L3,PASS,OUT_REGION,EXCELLENT,B,ASSTS,99
S0119,Math101,F,SE,L2,PASS,IN_REGION,VERYGOOD,C,PROF,81
S0120,Bio101,F,IT,L3,GOOD,IN_REGION,VERYGOOD,B,NACDM,63
S0121,Bio101,F,CS,L2,VERYGOOD,IN_REGION,GOOD,C,LECTR,78
S0122,Chem101,M,CS,L1,PASS,OUT_REGION,PASS,C,PROF,58
S0123,Chem101,M,IT,L3,VERYGOOD,IN_REGION,VERYGOOD,B,ASSTS,63
S0124,Bio101,F,IT,L4,GOOD,IN_REGION,PASS,B,NACDM,66
S0125,Math101,M,SE,L2,VERYGOOD,IN_REGION,VERYGOOD,L,PROF,59
S0126,Chem101,M,SE,L2,EXCELLENT,IN_REGION,VERYGOOD,C,PROF,81
S0127,Eng101,F,IT,L2,VERYGOOD,OUT_REGION,VERYGOOD,B,PROF,94
S0128,Chem101,M,IT,L2,VERYGOOD,OUT_REGION,PASS,B,LECTR,72
S0129,Eng101,F,IS,L2,PASS,OUT_REGION,EXCELLENT,C,ASSTS,95
S0130,Bio101,M,IS,L1,VERYGOOD,OUT_REGION,PASS,C,ASOC,59
S0131,Bio101,F,IT,L1,VERYGOOD,IN_REGION,VERYGOOD,L,ASOC,82
S0132,Math101,M,IS,L4,EXCELLENT,OUT_REGION,VERYGOOD,C,NACDM,62
S0133,Phys101,F,SE,L1,EXCELLENT,OUT_REGION,GOOD,B,NACDM,71
S0134,Math101,M,IS,L2,GOOD,IN_REGION,PASS,C,ASOC,69
S0135,Bio101,M,CS,L3,EXCELLENT,IN_REGION,GOOD,C,LECTR,53
S0136,Eng101,M,SE,L4,EXCELLENT,OUT_REGION,GOOD,B,ASOC,97
S0137,Bio101,M,CS,L2,EXCELLENT,OUT_REGION,VERYGOOD,L,ASSTS,89
S0138,Chem101,M,IS,L1,PASS,IN_REGION,EXCELLENT,L,PROF,94
S0139,Eng101,F,CS,L1,GOOD,IN_REGION,GOOD,C,ASSTS,55
S0140,Math101,M,CS,L4,PASS,OUT_REGION,PASS,L,NACDM,51
S0141,Bio101,F,IT,L3,EXCELLENT,IN_REGION,GOOD,B,PROF,72
S0142,Math101,F,IS,L4,VERYGOOD,OUT_REGION,GOOD,L,ASSTS,86
S0143,Eng101,M,IS,L4,PASS,OUT_REGION,GOOD,L,LECTR,98
S0144,Phys101,F,IT,L4,EXCELLENT,IN_REGION,VERYGOOD,B,ASOC,54
S0145,Eng101,M,CS,L1,EXCELLENT,IN_REGION,GOOD,C,LECTR,98
S0146,Bio101,M,SE,L1,PASS,IN_REGION,EXCELLENT,L,PROF,100
S0147,Math101,M,SE,L3,VERYGOOD,IN_REGION,VERYGOOD,L,LECTR,90
S0148,Math101,M,IT,L3,GOOD,IN_REGION,VERYGOOD,C,ASOC,66
S0149,Bio101,M,CS,L2,PASS,OUT_REGION,VERYGOOD,B,NACDM,83
S0150,Chem101,M,SE,L2,PASS,OUT_REGION,GOOD,L,ASSTS,91
S0151,Eng101,M,SE,L3,VERYGOOD,IN_REGION,EXCELLENT,C,NACDM,94
S0152,Chem101,F,CS,L4,VERYGOOD,IN_REGION,PASS,C,ASOC,87
S0153,Math101,M,IT,L2,GOOD,OUT_REGION,GOOD,L,NACDM,92
S0154,Math101,M,SE,L2,PASS,IN_REGION,GOOD,B,NACDM,76
S0155,Phys101,F,IS,L2,VERYGOOD,OUT_REGION,EXCELLENT,L,ASSTS,93
S0156,Bio101,F,CS,L3,VERYGOOD,OUT_REGION,GOOD,B,ASSTS,58
S0157,Eng101,F,IS,L3,EXCELLENT,IN_REGION,EXCELLENT,L,PROF,83
S0158,Chem101,M,IT,L3,PASS,OUT_REGION,GOOD,L,ASSTS,75
S0159,Phys101,M,IS,L3,GOOD,IN_REGION,GOOD,C,LECTR,97
S0160,Bio101,F,IT,L3,VERYGOOD,OUT_REGION,GOOD,B,ASOC,69
S0161,Phys101,F,IS,L1,GOOD,IN_REGION,GOOD,C,ASOC,93
S0162,Math101,F,SE,L3,EXCELLENT,IN_REGION,PASS,L,ASOC,56
S0163,Eng101,M,IT,L2,GOOD,IN_REGION,PASS,B,ASSTS,60
S0164,Bio101,F,IS,L2,PASS,OUT_REGION,VERYGOOD,C,ASOC,62
S0165,Phys101,M,SE,L2,VERYGOOD,OUT_REGION,VERYGOOD,C,PROF,67
S0166,Phys101,F,IT,L3,VERYGOOD,IN_REGION,VERYGOOD,L,ASSTS,94
S0167,Math101,F,SE,L3,VERYGOOD,IN_REGION,EXCELLENT,B,PROF,88
S0168,Chem101,M,IT,L4,EXCELLENT,OUT_REGION,EXCELLENT,B,NACDM,88
S0169,Math101,M,SE,L3,EXCELLENT,OUT_REGION,EXCELLENT,C,PROF,94
S0170,Math101,F,IT,L2,EXCELLENT,IN_REGION,VERYGOOD,B,ASOC,84
S0171,Chem101,F,SE,L4,GOOD,IN_REGION,VERYGOOD,C,PROF,96
S0172,Bio101,F,SE,L3,VERYGOOD,IN_REGION,GOOD,C,PROF,86
S0173,Eng101,F,CS,L2,EXCELLENT,OUT_REGION,GOOD,L,ASSTS,78
S0174,Bio101,M,IT,L3,GOOD,OUT_REGION,VERYGOOD,L,LECTR,71
S0175,Phys101,F,IT,L3,EXCELLENT,IN_REGION,PASS,B,ASSTS,85
S0176,Bio101,F,CS,L3,EXCELLENT,OUT_REGION,PASS,B,PROF,74
S0177,Phys101,M,IS,L3,EXCELLENT,IN_REGION,GOOD,C,LECTR,62
S0178,Math101,F,IS,L3,GOOD,IN_REGION,EXCELLENT,L,PROF,93
S0179,Eng101,F,IT,L2,EXCELLENT,OUT_REGION,PASS,L,NACDM,82
S0180,Chem101,F,IS,L3,GOOD,OUT_REGION,VERYGOOD,B,PROF,89
S0181,Chem101,F,IS,L4,EXCELLENT,OUT_REGION,GOOD,L,ASOC,92
S0182,Eng101,F,CS,L2,EXCELLENT,IN_REGION,VERYGOOD,B,ASOC,98
S0183,Bio101,M,IS,L3,VERYGOOD,IN_REGION,VERYGOOD,L,ASSTS,68
S0184,Chem101,F,CS,L1,VERYGOOD,OUT_REGION,VERYGOOD,C,ASSTS,83
S0185,Chem101,M,CS,L4,VERYGOOD,IN_REGION,PASS,C,NACDM,63
S0186,Eng101,F,IT,L4,GOOD,IN_REGION,GOOD,L,LECTR,88
S0187,Chem101,M,CS,L4,VERYGOOD,OUT_REGION,GOOD,C,ASOC,89
S0188,Bio101,M,CS,L2,PASS,IN_REGION,PASS,L,LECTR,81
S0189,Math101,M,IT,L4,GOOD,IN_REGION,PASS,L,ASSTS,100
S0190,Chem101,F,SE,L4,PASS,IN_REGION,EXCELLENT,B,ASSTS,72
S0191,Chem101,M,IT,L3,PASS,OUT_REGION,EXCELLENT,B,LECTR,58
S0192,Phys101,M,SE,L3,EXCELLENT,IN_REGION,EXCELLENT,C,PROF,79
S0193,Chem101,M,IS,L4,EXCELLENT,IN_REGION,GOOD,L,PROF,60
S0194,Bio101,M,IT,L3,VERYGOOD,OUT_REGION,VERYGOOD,B,NACDM,57
S0195,Bio101,F,CS,L2,EXCELLENT,IN_REGION,GOOD,L,ASOC,93
S0196,Math101,F,CS,L1,PASS,IN_REGION,GOOD,L,NACDM,93
S0197,Math101,M,SE,L3,PASS,IN_REGION,VERYGOOD,C,ASOC,69
S0198,Phys101,M,CS,L1,EXCELLENT,OUT_REGION,PASS,B,LECTR,72
S0199,Chem101,M,IS,L2,VERYGOOD,IN_REGION,GOOD,L,LECTR,90
S0200,Eng101,F,IS,L2,PASS,IN_REGION,GOOD,C,NACDM,67
S0201,Bio101,M,CS,L2,VERYGOOD,OUT_REGION,GOOD,C,ASOC,97
S0202,Bio101,M,IS,L4,EXCELLENT,OUT_REGION,EXCELLENT,B,NACDM,76
S0203,Bio101,M,CS,L4,EXCELLENT,IN_REGION,GOOD,C,ASOC,69
S0204,Bio101,F,CS,L2,GOOD,OUT_REGION,PASS,B,NACDM,75
S0205,Eng101,F,SE,L2,EXCELLENT,IN_REGION,EXCELLENT,B,LECTR,59
S0206,Phys101,M,SE,L3,PASS,IN_REGION,VERYGOOD,B,ASOC,52
S0207,Eng101,M,IS,L2,EXCELLENT,OUT_REGION,GOOD,L,NACDM,79
S0208,Eng101,F,IS,L1,GOOD,IN_REGION,EXCELLENT,L,ASSTS,80
S0209,Chem101,F,SE,L3,GOOD,OUT_REGION,EXCELLENT,L,PROF,66
S0210,Bio101,F,SE,L2,VERYGOOD,IN_REGION,GOOD,B,NACDM,57
S0211,Eng101,M,IS,L4,VERYGOOD,IN_REGION,GOOD,C,PROF,59
S0212,Chem101,F,IS,L1,PASS,IN_REGION,EXCELLENT,L,LECTR,67
S0213,Phys101,F,IS,L3,GOOD,OUT_REGION,EXCELLENT,L,LECTR,64
S0214,Phys101,M,CS,L2,GOOD,IN_REGION,VERYGOOD,L,ASSTS,90
S0215,Eng101,F,SE,L4,EXCELLENT,OUT_REGION,PASS,C,NACDM,77
S0216,Eng101,F,SE,L3,PASS,OUT_REGION,EXCELLENT,C,ASSTS,68
S0217,Phys101,M,CS,L1,PASS,OUT_REGION,EXCELLENT,C,ASOC,82
S0218,Eng101,M,CS,L1,VERYGOOD,OUT_REGION,VERYGOOD,B,ASOC,88
S0219,Math101,F,IT,L3,EXCELLENT,IN_REGION,GOOD,L,PROF,69
S0220,Bio101,F,IT,L1,PASS,IN_REGION,PASS,B,ASOC,86
S0221,Bio101,F,IS,L3,EXCELLENT,IN_REGION,VERYGOOD,B,ASOC,98
S0222,Math101,M,IT,L3,GOOD,IN_REGION,VERYGOOD,B,ASSTS,64
S0223,Bio101,M,SE,L3,VERYGOOD,OUT_REGION,EXCELLENT,L,ASOC,58
S0224,Phys101,M,SE,L4,PASS,OUT_REGION,EXCELLENT,L,PROF,94
S0225,Phys101,M,SE,L4,GOOD,OUT_REGION,EXCELLENT,L,LECTR,93
S0226,Bio101,M,IS,L3,GOOD,IN_REGION,GOOD,B,ASSTS,87
S0227,Bio101,F,SE,L4,VERYGOOD,OUT_REGION,VERYGOOD,L,ASSTS,50
S0228,Bio101,M,IS,L3,EXCELLENT,IN_REGION,PASS,B,ASSTS,81
S0229,Math101,F,CS,L1,VERYGOOD,OUT_REGION,EXCELLENT,B,ASOC,56
S0230,Phys101,F,IT,L1,EXCELLENT,IN_REGION,VERYGOOD,B,PROF,57
S0231,Math101,F,IS,L2,VERYGOOD,OUT_REGION,PASS,L,ASSTS,70
S0232,Phys101,M,IT,L1,PASS,OUT_REGION,EXCELLENT,B,ASSTS,97
S0233,Phys101,F,SE,L4,EXCELLENT,IN_REGION,EXCELLENT,C,ASOC,76
S0234,Phys101,F,IS,L2,VERYGOOD,IN_REGION,VERYGOOD,L,NACDM,64
S0235,Math101,M,IT,L2,VERYGOOD,IN_REGION,EXCELLENT,L,LECTR,50
S0236,Eng101,M,IT,L4,EXCELLENT,OUT_REGION,PASS,B,ASSTS,99
S0237,Chem101,M,IT,L3,VERYGOOD,OUT_REGION,GOOD,B,PROF,56
S0238,Math101,M,IT,L2,GOOD,IN_REGION,VERYGOOD,C,NACDM,57
S0239,Math101,M,IT,L2,EXCELLENT,OUT_REGION,GOOD,C,LECTR,96
S0240,Chem101,M,CS,L2,PASS,OUT_REGION,PASS,C,NACDM,55
S0241,Math101,F,IT,L3,EXCELLENT,IN_REGION,GOOD,L,LECTR,83
S0242,Chem101,M,CS,L1,VERYGOOD,OUT_REGION,VERYGOOD,B,NACDM,57
S0243,Math101,M,CS,L4,GOOD,OUT_REGION,VERYGOOD,C,ASOC,86
S0244,Eng101,F,IT,L4,GOOD,IN_REGION,GOOD,B,NACDM,57
S0245,Chem101,F,CS,L1,EXCELLENT,IN_REGION,VERYGOOD,L,NACDM,61
S0246,Chem101,M,CS,L3,EXCELLENT,OUT_REGION,GOOD,B,PROF,65
S0247,Phys101,M,IS,L4,EXCELLENT,IN_REGION,VERYGOOD,L,ASSTS,55
S0248,Phys101,M,IT,L4,GOOD,IN_REGION,PASS,B,ASOC,88
S0249,Eng101,M,SE,L4,GOOD,IN_REGION,PASS,L,LECTR,68
S0250,Math101,M,IS,L4,VERYGOOD,OUT_REGION,GOOD,B,ASSTS,50
S0251,Math101,M,CS,L4,EXCELLENT,OUT_REGION,GOOD,C,ASOC,75
S0252,Chem101,F,SE,L3,VERYGOOD,OUT_REGION,EXCELLENT,C,LECTR,97
S0253,Phys101,M,CS,L1,VERYGOOD,OUT_REGION,GOOD,L,PROF,99
S0254,Phys101,F,CS,L2,GOOD,OUT_REGION,EXCELLENT,B,PROF,73
S0255,Eng101,F,IS,L4,GOOD,IN_REGION,VERYGOOD,C,PROF,72
S0256,Chem101,F,IT,L1,PASS,OUT_REGION,GOOD,C,LECTR,91
S0257,Bio101,F,CS,L1,GOOD,OUT_REGION,EXCELLENT,B,ASSTS,79
S0258,Eng101,M,SE,L2,PASS,IN_REGION,EXCELLENT,C,ASSTS,90
S0259,Chem101,F,IS,L1,EXCELLENT,IN_REGION,PASS,L,ASSTS,76
S0260,Chem101,F,IS,L4,VERYGOOD,OUT_REGION,GOOD,L,PROF,59
S0261,Bio101,F,IS,L3,VERYGOOD,IN_REGION,GOOD,L,ASSTS,60
S0262,Phys101,M,SE,L1,EXCELLENT,IN_REGION,EXCELLENT,C,ASOC,79
S0263,Phys101,F,IT,L1,EXCELLENT,IN_REGION,VERYGOOD,C,PROF,72
S0264,Bio101,F,CS,L2,EXCELLENT,OUT_REGION,GOOD,L,LECTR,93
S0265,Eng101,M,IS,L2,PASS,OUT_REGION,VERYGOOD,B,PROF,84
S0266,Math101,M,IS,L4,PASS,IN_REGION,EXCELLENT,L,NACDM,60
S0267,Math101,F,SE,L2,PASS,OUT_REGION,PASS,C,PROF,80
S0268,Math101,F,CS,L1,PASS,OUT_REGION,PASS,C,PROF,98
S0269,Phys101,M,IT,L2,VERYGOOD,OUT_REGION,VERYGOOD,B,ASOC,84
S0270,Phys101,M,IT,L3,GOOD,OUT_REGION,EXCELLENT,C,LECTR,55
S0271,Bio101,F,CS,L3,VERYGOOD,OUT_REGION,EXCELLENT,B,NACDM,73
S0272,Math101,M,SE,L3,VERYGOOD,OUT_REGION,VERYGOOD,L,LECTR,95
S0273,Eng101,F,CS,L2,PASS,OUT_REGION,VERYGOOD,C,ASSTS,100
S0274,Eng101,M,CS,L2,VERYGOOD,IN_REGION,EXCELLENT,L,LECTR,87
S0275,Chem101,M,CS,L4,VERYGOOD,IN_REGION,PASS,L,LECTR,94
S0276,Chem101,M,SE,L1,GOOD,OUT_REGION,VERYGOOD,C,PROF,55
S0277,Math101,F,IS,L2,PASS,IN_REGION,VERYGOOD,L,PROF,65
S0278,Math101,F,SE,L1,EXCELLENT,OUT_REGION,PASS,C,ASSTS,51
S0279,Chem101,M,CS,L2,PASS,OUT_REGION,PASS,B,ASOC,56
S0280,Bio101,F,IT,L1,VERYGOOD,IN_REGION,VERYGOOD,C,PROF,62
S0281,Bio101,F,IS,L3,VERYGOOD,IN_REGION,VERYGOOD,B,NACDM,50
S0282,Chem101,F,CS,L3,VERYGOOD,IN_REGION,GOOD,L,NACDM,79
S0283,Chem101,M,SE,L3,GOOD,IN_REGION,VERYGOOD,L,LECTR,78
S0284,Math101,M,CS,L3,EXCELLENT,OUT_REGION,EXCELLENT,B,ASOC,72
S0285,Phys101,F,IS,L2,VERYGOOD,OUT_REGION,EXCELLENT,C,ASSTS,83
S0286,Math101,F,IS,L1,PASS,IN_REGION,EXCELLENT,B,PROF,71
S0287,Eng101,F,CS,L3,EXCELLENT,OUT_REGION,GOOD,C,NACDM,60
S0288,Eng101,F,IT,L1,VERYGOOD,IN_REGION,EXCELLENT,C,LECTR,59
S0289,Bio101,M,CS,L1,PASS,OUT_REGION,EXCELLENT,C,NACDM,95
S0290,Math101,M,IT,L4,VERYGOOD,IN_REGION,GOOD,L,LECTR,61
S0291,Math101,M,CS,L1,PASS,OUT_REGION,PASS,B,NACDM,69
S0292,Chem101,M,CS,L1,EXCELLENT,OUT_REGION,EXCELLENT,C,NACDM,63
S0293,Phys101,M,CS,L2,GOOD,OUT_REGION,PASS,L,LECTR,67
S0294,Bio101,M,SE,L4,PASS,OUT_REGION,VERYGOOD,L,ASSTS,82
S0295,Eng101,F,IT,L1,GOOD,OUT_REGION,GOOD,L,ASOC,51
S0296,Chem101,F,IT,L3,VERYGOOD,OUT_REGION,VERYGOOD,C,ASSTS,52
S0297,Chem101,F,SE,L2,PASS,IN_REGION,EXCELLENT,L,PROF,88
S0298,Phys101,M,IS,L2,EXCELLENT,OUT_REGION,PASS,B,LECTR,50
S0299,Chem101,M,SE,L3,EXCELLENT,OUT_REGION,GOOD,B,LECTR,86
S0300,Bio101,M,IS,L2,GOOD,OUT_REGION,EXCELLENT,B,ASSTS,63
S0301,Chem101,M,IS,L1,EXCELLENT,OUT_REGION,VERYGOOD,L,NACDM,80
S0302,Phys101,M,IT,L1,GOOD,OUT_REGION,GOOD,L,LECTR,65
S0303,Bio101,F,SE,L2,GOOD,IN_REGION,PASS,L,ASSTS,51
S0304,Eng101,M,IS,L2,GOOD,IN_REGION,VERYGOOD,C,ASOC,77
S0305,Eng101,F,CS,L3,GOOD,IN_REGION,GOOD,L,ASSTS,60
S0306,Chem101,M,IT,L3,PASS,OUT_REGION,VERYGOOD,C,ASSTS,80
S0307,Phys101,F,SE,L4,EXCELLENT,OUT_REGION,PASS,C,ASSTS,99
S0308,Phys101,F,CS,L2,GOOD,OUT_REGION,GOOD,B,NACDM,55
S0309,Bio101,F,SE,L3,PASS,OUT_REGION,VERYGOOD,C,PROF,61
S0310,Math101,M,IS,L2,GOOD,OUT_REGION,GOOD,C,LECTR,65
S0311,Bio101,M,CS,L2,VERYGOOD,OUT_REGION,VERYGOOD,L,LECTR,85
S0312,Eng101,M,CS,L3,PASS,OUT_REGION,PASS,C,LECTR,72
S0313,Bio101,M,SE,L1,VERYGOOD,IN_REGION,PASS,L,LECTR,76
S0314,Eng101,M,SE,L2,PASS,IN_REGION,PASS,C,NACDM,88
S0315,Phys101,M,IT,L1,EXCELLENT,OUT_REGION,GOOD,C,ASSTS,93
S0316,Math101,M,SE,L4,VERYGOOD,OUT_REGION,PASS,L,NACDM,52
S0317,Chem101,M,CS,L1,EXCELLENT,IN_REGION,EXCELLENT,L,LECTR,74
S0318,Math101,F,IS,L3,EXCELLENT,IN_REGION,GOOD,B,LECTR,72
S0319,Eng101,M,CS,L3,PASS,IN_REGION,GOOD,C,PROF,78
S0320,Phys101,M,CS,L1,EXCELLENT,IN_REGION,PASS,L,PROF,86
S0321,Bio101,M,IS,L2,PASS,OUT_REGION,GOOD,B,LECTR,58
S0322,Chem101,M,CS,L1,GOOD,IN_REGION,EXCELLENT,C,ASOC,88
S0323,Eng101,F,IS,L1,GOOD,OUT_REGION,GOOD,B,ASOC,95
S0324,Phys101,M,SE,L3,GOOD,IN_REGION,EXCELLENT,C,PROF,60
S0325,Bio101,M,SE,L4,PASS,OUT_REGION,PASS,L,ASSTS,90
S0326,Chem101,F,CS,L2,VERYGOOD,IN_REGION,PASS,C,ASOC,54
S0327,Eng101,M,SE,L3,PASS,IN_REGION,PASS,B,NACDM,65
S0328,Bio101,F,IT,L4,VERYGOOD,IN_REGION,PASS,C,ASOC,62
S0329,Chem101,M,IT,L1,PASS,IN_REGION,PASS,L,ASSTS,100
S0330,Chem101,M,SE,L2,GOOD,OUT_REGION,VERYGOOD,L,ASOC,77
S0331,Eng101,M,IS,L4,VERYGOOD,OUT_REGION,VERYGOOD,C,NACDM,82
S0332,Eng101,M,IT,L2,EXCELLENT,OUT_REGION,PASS,L,ASSTS,52
S0333,Bio101,M,IS,L2,PASS,OUT_REGION,VERYGOOD,B,ASSTS,50
S0334,Bio101,M,SE,L4,PASS,OUT_REGION,PASS,L,ASOC,78
S0335,Bio101,M,IT,L1,VERYGOOD,IN_REGION,GOOD,C,NACDM,75
S0336,Eng101,F,SE,L4,GOOD,IN_REGION,VERYGOOD,L,PROF,50
S0337,Phys101,M,IT,L2,PASS,IN_REGION,VERYGOOD,C,ASOC,88
S0338,Chem101,F,IT,L4,PASS,IN_REGION,GOOD,C,ASOC,60
S0339,Eng101,M,CS,L3,VERYGOOD,OUT_REGION,VERYGOOD,L,PROF,94
S0340,Eng101,M,IS,L3,EXCELLENT,IN_REGION,VERYGOOD,L,PROF,56
S0341,Chem101,M,CS,L2,PASS,IN_REGION,PASS,L,ASSTS,86
S0342,Phys101,M,IS,L3,EXCELLENT,OUT_REGION,PASS,B,LECTR,93
S0343,Phys101,M,IS,L2,VERYGOOD,OUT_REGION,EXCELLENT,B,ASSTS,97
S0344,Chem101,M,IS,L4,EXCELLENT,IN_REGION,GOOD,C,PROF,80
S0345,Chem101,F,CS,L3,GOOD,IN_REGION,VERYGOOD,L,PROF,63
S0346,Bio101,F,SE,L1,GOOD,OUT_REGION,GOOD,C,NACDM,72
S0347,Phys101,F,IS,L1,PASS,IN_REGION,GOOD,C,PROF,59
S0348,Chem101,M,IT,L2,PASS,OUT_REGION,VERYGOOD,B,PROF,95
S0349,Chem101,M,IT,L1,PASS,IN_REGION,GOOD,C,NACDM,63
S0350,Bio101,M,CS,L3,VERYGOOD,OUT_REGION,EXCELLENT,L,PROF,63
S0351,Math101,M,CS,L2,VERYGOOD,IN_REGION,GOOD,L,NACDM,59
S0352,Eng101,M,CS,L2,EXCELLENT,IN_REGION,VERYGOOD,B,ASOC,70
S0353,Eng101,M,IS,L1,GOOD,IN_REGION,GOOD,B,ASSTS,89
S0354,Bio101,F,IS,L4,EXCELLENT,OUT_REGION,PASS,C,PROF,94
S0355,Eng101,M,SE,L3,EXCELLENT,IN_REGION,EXCELLENT,L,ASSTS,67
S0356,Math101,M,SE,L2,GOOD,IN_REGION,PASS,L,LECTR,98
S0357,Bio101,F,IT,L3,VERYGOOD,IN_REGION,PASS,B,ASOC,78
S0358,Bio101,M,IT,L3,EXCELLENT,OUT_REGION,GOOD,L,ASOC,53
S0359,Eng101,M,IT,L4,EXCELLENT,OUT_REGION,VERYGOOD,L,NACDM,95
S0360,Eng101,M,SE,L2,VERYGOOD,OUT_REGION,GOOD,L,NACDM,80
S0361,Chem101,F,SE,L4,VERYGOOD,IN_REGION,EXCELLENT,C,ASOC,64
S0362,Math101,F,CS,L1,EXCELLENT,IN_REGION,EXCELLENT,B,NACDM,90
S0363,Chem101,M,IT,L4,EXCELLENT,OUT_REGION,EXCELLENT,B,NACDM,82
S0364,Eng101,M,SE,L4,GOOD,OUT_REGION,EXCELLENT,C,ASOC,50
S0365,Eng101,F,SE,L1,GOOD,OUT_REGION,GOOD,B,LECTR,99
S0366,Eng101,F,IS,L2,EXCELLENT,IN_REGION,VERYGOOD,B,ASOC,100
S0367,Chem101,M,SE,L2,GOOD,IN_REGION,VERYGOOD,C,PROF,81
S0368,Phys101,M,SE,L1,EXCELLENT,IN_REGION,PASS,B,LECTR,66
S0369,Bio101,M,IT,L2,EXCELLENT,OUT_REGION,EXCELLENT,B,ASOC,99
S0370,Eng101,F,SE,L1,GOOD,OUT_REGION,VERYGOOD,B,PROF,69
S0371,Phys101,M,SE,L1,EXCELLENT,OUT_REGION,VERYGOOD,L,NACDM,83
S0372,Math101,F,IS,L3,GOOD,OUT_REGION,PASS,L,PROF,86
S0373,Chem101,F,CS,L1,GOOD,IN_REGION,VERYGOOD,L,NACDM,98
S0374,Phys101,F,IT,L2,EXCELLENT,IN_REGION,GOOD,C,NACDM,68
S0375,Phys101,F,CS,L3,GOOD,IN_REGION,VERYGOOD,B,NACDM,70
S0376,Eng101,F,CS,L2,VERYGOOD,OUT_REGION,GOOD,L,PROF,61
S0377,Phys101,F,IS,L1,VERYGOOD,IN_REGION,EXCELLENT,L,NACDM,60
S0378,Chem101,F,IS,L3,GOOD,OUT_REGION,GOOD,L,PROF,74
S0379,Chem101,M,SE,L2,VERYGOOD,OUT_REGION,EXCELLENT,L,PROF,51
S0380,Math101,F,IT,L4,PASS,IN_REGION,EXCELLENT,L,ASSTS,83
S0381,Math101,F,IS,L3,EXCELLENT,OUT_REGION,GOOD,B,ASOC,56
S0382,Bio101,M,IT,L2,VERYGOOD,OUT_REGION,PASS,L,ASOC,88
S0383,Bio101,M,SE,L4,VERYGOOD,OUT_REGION,PASS,L,NACDM,100
S0384,Chem101,F,IT,L4,VERYGOOD,OUT_REGION,GOOD,B,LECTR,62
S0385,Chem101,F,IT,L4,PASS,OUT_REGION,PASS,C,ASOC,96
S0386,Chem101,M,IS,L1,PASS,IN_REGION,EXCELLENT,L,PROF,87
S0387,Phys101,M,IS,L2,VERYGOOD,IN_REGION,EXCELLENT,L,ASOC,80
S0388,Bio101,F,CS,L2,EXCELLENT,OUT_REGION,GOOD,L,PROF,72
S0389,Eng101,F,IS,L2,GOOD,IN_REGION,PASS,C,LECTR,88
S0390,Phys101,M,SE,L2,VERYGOOD,OUT_REGION,PASS,L,ASSTS,98
S0391,Chem101,M,CS,L4,VERYGOOD,IN_REGION,EXCELLENT,L,PROF,64
S0392,Eng101,F,SE,L4,GOOD,OUT_REGION,VERYGOOD,C,ASOC,66
S0393,Phys101,M,IT,L3,PASS,OUT_REGION,GOOD,C,ASSTS,64
S0394,Math101,F,CS,L4,GOOD,IN_REGION,GOOD,L,ASOC,95
S0395,Math101,F,CS,L1,VERYGOOD,IN_REGION,PASS,C,LECTR,84
S0396,Math101,M,IS,L3,PASS,IN_REGION,PASS,B,LECTR,54
S0397,Phys101,F,SE,L2,PASS,OUT_REGION,EXCELLENT,L,LECTR,73
S0398,Eng101,F,CS,L2,PASS,IN_REGION,VERYGOOD,B,PROF,94
S0399,Math101,F,SE,L3,GOOD,OUT_REGION,GOOD,L,PROF,72
S0400,Math101,M,IS,L2,PASS,IN_REGION,EXCELLENT,C,PROF,59
S0401,Bio101,F,SE,L4,VERYGOOD,OUT_REGION,GOOD,B,PROF,95
S0402,Bio101,F,SE,L1,PASS,OUT_REGION,EXCELLENT,C,ASSTS,60
S0403,Math101,M,IT,L1,PASS,IN_REGION,GOOD,L,LECTR,98
S0404,Phys101,M,CS,L2,PASS,OUT_REGION,PASS,B,ASOC,64
S0405,Eng101,M,CS,L2,EXCELLENT,OUT_REGION,EXCELLENT,L,ASOC,85
S0406,Math101,F,IS,L1,PASS,IN_REGION,EXCELLENT,C,ASOC,95
S0407,Eng101,F,SE,L1,VERYGOOD,IN_REGION,PASS,L,NACDM,73
S0408,Eng101,F,CS,L3,PASS,IN_REGION,PASS,C,ASSTS,54
S0409,Phys101,F,IT,L4,GOOD,OUT_REGION,EXCELLENT,L,NACDM,80
S0410,Chem101,F,SE,L3,GOOD,OUT_REGION,GOOD,B,NACDM,61
S0411,Math101,M,CS,L3,PASS,OUT_REGION,PASS,C,ASOC,56
S0412,Phys101,M,IS,L2,PASS,IN_REGION,GOOD,L,ASOC,82
S0413,Eng101,M,IT,L3,VERYGOOD,IN_REGION,EXCELLENT,B,LECTR,95
S0414,Bio101,F,CS,L2,PASS,OUT_REGION,EXCELLENT,L,ASSTS,51
S0415,Chem101,M,SE,L2,PASS,OUT_REGION,EXCELLENT,B,ASSTS,74
S0416,Math101,M,CS,L1,EXCELLENT,OUT_REGION,EXCELLENT,L,LECTR,89
S0417,Chem101,F,SE,L1,EXCELLENT,IN_REGION,PASS,C,LECTR,98
S0418,Math101,F,CS,L4,VERYGOOD,IN_REGION,VERYGOOD,C,PROF,59
S0419,Math101,M,SE,L1,EXCELLENT,IN_REGION,VERYGOOD,L,ASSTS,57
S0420,Eng101,M,IS,L3,PASS,IN_REGION,EXCELLENT,L,NACDM,92
S0421,Eng101,F,CS,L2,GOOD,IN_REGION,EXCELLENT,L,LECTR,87
S0422,Phys101,F,IS,L3,GOOD,IN_REGION,VERYGOOD,C,ASSTS,51
S0423,Phys101,F,IS,L3,GOOD,OUT_REGION,PASS,C,LECTR,83
S0424,Bio101,M,IT,L3,GOOD,OUT_REGION,GOOD,L,NACDM,51
S0425,Eng101,F,IS,L4,PASS,IN_REGION,GOOD,C,ASOC,74
S0426,Phys101,F,SE,L2,VERYGOOD,OUT_REGION,PASS,B,NACDM,67
S0427,Chem101,F,SE,L2,EXCELLENT,IN_REGION,GOOD,B,NACDM,69
S0428,Eng101,M,CS,L4,PASS,OUT_REGION,EXCELLENT,C,ASSTS,53
S0429,Bio101,F,IS,L3,EXCELLENT,IN_REGION,VERYGOOD,B,ASSTS,98
S0430,Phys101,F,SE,L3,GOOD,IN_REGION,VERYGOOD,L,PROF,64
S0431,Bio101,M,IT,L3,GOOD,OUT_REGION,GOOD,C,LECTR,93
S0432,Chem101,F,IS,L4,VERYGOOD,IN_REGION,GOOD,C,NACDM,89
S0433,Chem101,F,SE,L3,PASS,IN_REGION,EXCELLENT,L,ASOC,70
S0434,Math101,M,SE,L2,VERYGOOD,IN_REGION,PASS,L,ASOC,84
S0435,Phys101,F,IS,L3,EXCELLENT,IN_REGION,EXCELLENT,L,PROF,96
S0436,Eng101,M,CS,L3,EXCELLENT,IN_REGION,GOOD,C,LECTR,85
S0437,Phys101,M,IS,L2,VERYGOOD,IN_REGION,GOOD,C,PROF,87
S0438,Phys101,M,SE,L3,VERYGOOD,IN_REGION,PASS,C,PROF,92
S0439,Phys101,M,SE,L1,VERYGOOD,IN_REGION,EXCELLENT,B,NACDM,83
S0440,Eng101,M,IS,L3,EXCELLENT,IN_REGION,PASS,B,NACDM,51
S0441,Phys101,F,IT,L3,GOOD,IN_REGION,EXCELLENT,B,PROF,60
S0442,Bio101,M,IS,L2,GOOD,IN_REGION,EXCELLENT,L,NACDM,71
S0443,Eng101,M,IS,L1,EXCELLENT,IN_REGION,VERYGOOD,L,ASSTS,55
S0444,Bio101,M,IT,L1,VERYGOOD,IN_REGION,EXCELLENT,L,LECTR,59
S0445,Math101,F,CS,L4,EXCELLENT,IN_REGION,VERYGOOD,C,ASOC,63
S0446,Chem101,M,IS,L3,GOOD,IN_REGION,PASS,B,PROF,67
S0447,Chem101,M,IT,L3,PASS,IN_REGION,GOOD,B,PROF,51
S0448,Bio101,F,IT,L3,PASS,OUT_REGION,VERYGOOD,C,ASOC,92
S0449,Eng101,F,IT,L3,VERYGOOD,IN_REGION,GOOD,L,NACDM,92
S0450,Phys101,M,IS,L4,GOOD,IN_REGION,EXCELLENT,C,NACDM,84
S0451,Math101,M,CS,L1,PASS,OUT_REGION,GOOD,L,PROF,81
S0452,Phys101,M,SE,L1,VERYGOOD,OUT_REGION,PASS,L,ASSTS,93
S0453,Chem101,F,SE,L1,GOOD,IN_REGION,EXCELLENT,C,ASSTS,92
S0454,Bio101,F,IS,L1,GOOD,IN_REGION,EXCELLENT,C,PROF,70
S0455,Chem101,F,SE,L1,VERYGOOD,OUT_REGION,EXCELLENT,C,NACDM,87
S0456,Eng101,F,IS,L2,GOOD,OUT_REGION,PASS,L,LECTR,74
S0457,Math101,F,CS,L4,EXCELLENT,IN_REGION,GOOD,C,LECTR,73
S0458,Phys101,F,IT,L1,EXCELLENT,OUT_REGION,PASS,L,ASSTS,89
S0459,Phys101,F,CS,L1,EXCELLENT,IN_REGION,VERYGOOD,B,PROF,66
S0460,Math101,F,CS,L4,GOOD,OUT_REGION,VERYGOOD,L,ASOC,52
S0461,Eng101,M,IS,L4,GOOD,IN_REGION,EXCELLENT,L,NACDM,55
S0462,Bio101,M,IS,L2,VERYGOOD,IN_REGION,GOOD,B,ASSTS,89
S0463,Phys101,M,SE,L4,GOOD,OUT_REGION,PASS,B,PROF,76
S0464,Bio101,M,SE,L1,EXCELLENT,IN_REGION,VERYGOOD,C,ASSTS,70
S0465,Bio101,F,IS,L2,GOOD,IN_REGION,VERYGOOD,L,ASSTS,57
S0466,Bio101,M,CS,L1,PASS,IN_REGION,PASS,C,NACDM,98
S0467,Math101,F,IT,L4,PASS,OUT_REGION,EXCELLENT,C,ASSTS,83
S0468,Math101,M,IT,L4,GOOD,OUT_REGION,GOOD,L,ASSTS,78
S0469,Math101,F,SE,L3,GOOD,OUT_REGION,PASS,L,LECTR,69
S0470,Bio101,F,SE,L2,EXCELLENT,IN_REGION,PASS,B,ASSTS,70
S0471,Eng101,F,SE,L2,PASS,OUT_REGION,VERYGOOD,C,NACDM,98
S0472,Math101,F,IT,L1,GOOD,IN_REGION,EXCELLENT,B,ASSTS,83
S0473,Eng101,M,CS,L2,EXCELLENT,IN_REGION,GOOD,C,ASSTS,56
S0474,Chem101,F,IS,L4,EXCELLENT,OUT_REGION,GOOD,L,ASSTS,79
S0475,Math101,F,IS,L1,GOOD,IN_REGION,VERYGOOD,L,LECTR,77
S0476,Math101,F,CS,L4,EXCELLENT,OUT_REGION,VERYGOOD,B,PROF,89
S0477,Chem101,M,SE,L2,GOOD,OUT_REGION,PASS,L,PROF,65
S0478,Chem101,F,IT,L3,EXCELLENT,IN_REGION,VERYGOOD,L,ASOC,50
S0479,Math101,F,SE,L2,GOOD,IN_REGION,EXCELLENT,B,NACDM,86
S0480,Bio101,M,IT,L3,PASS,OUT_REGION,GOOD,L,LECTR,79
S0481,Phys101,F,IT,L1,VERYGOOD,IN_REGION,VERYGOOD,C,LECTR,58
S0482,Chem101,M,IT,L3,GOOD,OUT_REGION,EXCELLENT,B,ASOC,83
S0483,Math101,M,CS,L3,EXCELLENT,OUT_REGION,GOOD,B,NACDM,69
S0484,Chem101,M,IT,L2,PASS,OUT_REGION,EXCELLENT,L,PROF,66
S0485,Chem101,F,CS,L4,PASS,IN_REGION,PASS,L,ASSTS,81
S0486,Eng101,F,IT,L3,EXCELLENT,OUT_REGION,GOOD,B,NACDM,79
S0487,Math101,F,CS,L2,EXCELLENT,IN_REGION,GOOD,L,PROF,62
S0488,Bio101,F,SE,L4,EXCELLENT,IN_REGION,EXCELLENT,C,ASSTS,70
S0489,Phys101,M,IS,L2,EXCELLENT,IN_REGION,VERYGOOD,L,ASSTS,62
S0490,Math101,M,IS,L2,GOOD,IN_REGION,PASS,B,NACDM,71
S0491,Bio101,F,IT,L2,GOOD,IN_REGION,VERYGOOD,C,LECTR,74
S0492,Phys101,M,IS,L1,GOOD,OUT_REGION,PASS,L,NACDM,61
S0493,Math101,F,CS,L2,GOOD,OUT_REGION,EXCELLENT,C,ASOC,82
S0494,Chem101,F,IT,L2,EXCELLENT,OUT_REGION,GOOD,B,NACDM,76
S0495,Chem101,M,IS,L3,PASS,IN_REGION,PASS,L,ASSTS,51
S0496,Bio101,M,CS,L3,EXCELLENT,IN_REGION,VERYGOOD,B,NACDM,68
S0497,Math101,F,SE,L4,VERYGOOD,OUT_REGION,EXCELLENT,C,NACDM,96
S0498,Math101,F,IS,L2,PASS,IN_REGION,GOOD,B,NACDM,93
S0499,Bio101,F,SE,L1,EXCELLENT,IN_REGION,VERYGOOD,C,ASSTS,96
S0500,Math101,M,IT,L4,GOOD,OUT_REGION,GOOD,L,PROF,83
S0501,Eng101,F,CS,L3,GOOD,OUT_REGION,VERYGOOD,L,PROF,63
S0502,Math101,M,IT,L2,PASS,OUT_REGION,GOOD,L,NACDM,99
S0503,Math101,M,SE,L1,GOOD,IN_REGION,EXCELLENT,B,PROF,70
S0504,Eng101,M,IT,L4,VERYGOOD,OUT_REGION,VERYGOOD,L,ASOC,50
S0505,Bio101,F,IT,L2,GOOD,OUT_REGION,VERYGOOD,L,LECTR,93
S0506,Chem101,F,IT,L4,EXCELLENT,IN_REGION,GOOD,L,LECTR,57
S0507,Eng101,F,CS,L2,EXCELLENT,IN_REGION,EXCELLENT,B,ASSTS,69
S0508,Bio101,M,SE,L1,VERYGOOD,OUT_REGION,EXCELLENT,C,ASSTS,50
S0509,Bio101,M,CS,L4,VERYGOOD,OUT_REGION,PASS,B,PROF,97
S0510,Math101,M,IS,L2,GOOD,OUT_REGION,PASS,L,LECTR,53
S0511,Phys101,M,IS,L3,EXCELLENT,OUT_REGION,PASS,B,LECTR,57
S0512,Bio101,M,IT,L4,GOOD,IN_REGION,VERYGOOD,C,PROF,99
S0513,Chem101,F,CS,L4,VERYGOOD,OUT_REGION,EXCELLENT,C,NACDM,85
S0514,Chem101,F,IT,L1,EXCELLENT,IN_REGION,PASS,C,LECTR,55
S0515,Phys101,M,IS,L4,GOOD,IN_REGION,VERYGOOD,B,ASSTS,64
S0516,Chem101,F,CS,L2,EXCELLENT,OUT_REGION,VERYGOOD,B,ASSTS,51
S0517,Bio101,F,IT,L2,PASS,OUT_REGION,VERYGOOD,B,ASOC,57
S0518,Chem101,M,SE,L2,PASS,OUT_REGION,VERYGOOD,C,LECTR,55
S0519,Phys101,M,IT,L2,GOOD,IN_REGION,VERYGOOD,B,PROF,87
S0520,Chem101,M,SE,L3,VERYGOOD,IN_REGION,PASS,L,ASSTS,76
S0521,Phys101,F,IT,L3,EXCELLENT,IN_REGION,EXCELLENT,B,NACDM,86
S0522,Chem101,M,CS,L2,PASS,OUT_REGION,VERYGOOD,B,LECTR,63
S0523,Eng101,M,IS,L1,VERYGOOD,OUT_REGION,VERYGOOD,L,PROF,56
S0524,Phys101,M,IS,L2,GOOD,IN_REGION,EXCELLENT,L,LECTR,58
S0525,Phys101,M,IS,L1,PASS,OUT_REGION,EXCELLENT,C,ASOC,55
S0526,Bio101,F,IT,L1,EXCELLENT,OUT_REGION,PASS,L,NACDM,62
S0527,Eng101,M,SE,L1,EXCELLENT,IN_REGION,VERYGOOD,L,LECTR,90
S0528,Phys101,F,IT,L4,VERYGOOD,OUT_REGION,EXCELLENT,C,ASSTS,83
S0529,Eng101,M,IS,L3,EXCELLENT,OUT_REGION,PASS,C,ASOC,90
S0530,Eng101,F,IT,L3,VERYGOOD,OUT_REGION,VERYGOOD,L,ASOC,57
S0531,Bio101,M,IS,L1,EXCELLENT,IN_REGION,GOOD,B,LECTR,78
S0532,Chem101,M,IT,L2,EXCELLENT,IN_REGION,GOOD,C,ASOC,92
S0533,Math101,F,IT,L3,VERYGOOD,IN_REGION,EXCELLENT,L,ASOC,94
S0534,Phys101,M,CS,L1,EXCELLENT,OUT_REGION,EXCELLENT,C,PROF,71
S0535,Math101,F,SE,L4,PASS,OUT_REGION,PASS,L,LECTR,51
S0536,Math101,M,SE,L2,GOOD,OUT_REGION,PASS,L,ASOC,52
S0537,Bio101,M,IT,L1,PASS,OUT_REGION,PASS,B,LECTR,100
S0538,Bio101,M,IS,L1,VERYGOOD,IN_REGION,GOOD,B,ASSTS,54
S0539,Bio101,M,IT,L1,EXCELLENT,IN_REGION,EXCELLENT,B,PROF,66
S0540,Chem101,M,IS,L2,PASS,IN_REGION,PASS,L,ASSTS,80
S0541,Eng101,F,CS,L4,EXCELLENT,IN_REGION,VERYGOOD,B,ASSTS,59
S0542,Phys101,M,CS,L3,GOOD,IN_REGION,EXCELLENT,L,LECTR,56
S0543,Math101,F,CS,L3,GOOD,IN_REGION,VERYGOOD,B,NACDM,77
S0544,Chem101,F,IS,L2,PASS,IN_REGION,VERYGOOD,C,ASOC,91
S0545,Eng101,M,CS,L3,PASS,OUT_REGION,VERYGOOD,C,PROF,99
S0546,Chem101,F,IT,L2,PASS,IN_REGION,VERYGOOD,B,ASOC,54
S0547,Math101,F,IS,L1,PASS,IN_REGION,VERYGOOD,C,LECTR,92
S0548,Math101,M,IS,L3,VERYGOOD,IN_REGION,VERYGOOD,L,ASSTS,92
S0549,Phys101,M,IS,L4,EXCELLENT,OUT_REGION,EXCELLENT,C,NACDM,63
S0550,Phys101,F,SE,L1,EXCELLENT,OUT_REGION,PASS,L,ASSTS,53
S0551,Phys101,F,IS,L1,EXCELLENT,OUT_REGION,EXCELLENT,C,NACDM,68
S0552,Math101,F,IT,L3,VERYGOOD,IN_REGION,GOOD,C,PROF,78
S0553,Bio101,F,IT,L1,GOOD,IN_REGION,VERYGOOD,B,NACDM,83
S0554,Eng101,M,SE,L2,GOOD,IN_REGION,EXCELLENT,C,NACDM,88
S0555,Bio101,M,IT,L4,VERYGOOD,OUT_REGION,EXCELLENT,B,ASOC,60
S0556,Chem101,F,SE,L1,VERYGOOD,IN_REGION,PASS,B,LECTR,82
S0557,Bio101,F,CS,L4,EXCELLENT,IN_REGION,VERYGOOD,B,ASSTS,69
S0558,Eng101,M,IT,L4,EXCELLENT,IN_REGION,GOOD,L,ASSTS,57
S0559,Math101,M,SE,L3,VERYGOOD,IN_REGION,PASS,C,PROF,52
S0560,Phys101,F,IS,L4,EXCELLENT,OUT_REGION,PASS,C,NACDM,92
S0561,Bio101,M,SE,L1,PASS,OUT_REGION,GOOD,C,ASSTS,70
S0562,Bio101,F,CS,L1,EXCELLENT,IN_REGION,PASS,L,ASOC,66
S0563,Bio101,M,SE,L1,VERYGOOD,OUT_REGION,VERYGOOD,L,PROF,64
S0564,Bio101,F,CS,L3,VERYGOOD,OUT_REGION,GOOD,B,LECTR,61
S0565,Math101,F,SE,L2,VERYGOOD,IN_REGION,PASS,B,PROF,84
S0566,Bio101,F,CS,L3,GOOD,IN_REGION,VERYGOOD,B,ASSTS,74
S0567,Eng101,F,IS,L2,GOOD,OUT_REGION,GOOD,L,LECTR,73
S0568,Math101,F,IS,L2,PASS,OUT_REGION,VERYGOOD,B,LECTR,63
S0569,Chem101,M,CS,L1,GOOD,IN_REGION,GOOD,L,ASOC,54
S0570,Math101,F,IT,L4,EXCELLENT,OUT_REGION,VERYGOOD,B,NACDM,85
S0571,Math101,F,IT,L1,PASS,IN_REGION,GOOD,L,LECTR,93
S0572,Eng101,M,CS,L2,PASS,OUT_REGION,EXCELLENT,B,ASSTS,77
S0573,Math101,M,SE,L1,GOOD,IN_REGION,EXCELLENT,C,ASOC,69
S0574,Chem101,F,CS,L1,PASS,IN_REGION,GOOD,C,NACDM,55
S0575,Eng101,M,IT,L2,EXCELLENT,IN_REGION,GOOD,L,ASOC,76
S0576,Chem101,F,IT,L2,VERYGOOD,IN_REGION,VERYGOOD,C,NACDM,78
S0577,Phys101,M,SE,L2,GOOD,IN_REGION,GOOD,B,PROF,96
S0578,Eng101,M,CS,L2,PASS,OUT_REGION,GOOD,L,PROF,67
S0579,Math101,F,IT,L3,GOOD,OUT_REGION,GOOD,C,PROF,60
S0580,Chem101,M,SE,L3,VERYGOOD,OUT_REGION,GOOD,B,NACDM,80
S0581,Eng101,M,IT,L3,PASS,OUT_REGION,VERYGOOD,L,PROF,68
S0582,Chem101,M,SE,L1,PASS,OUT_REGION,VERYGOOD,C,PROF,66
S0583,Bio101,F,IT,L2,GOOD,OUT_REGION,GOOD,C,PROF,100
S0584,Chem101,M,SE,L2,VERYGOOD,OUT_REGION,GOOD,B,ASSTS,90
S0585,Phys101,F,SE,L1,EXCELLENT,IN_REGION,EXCELLENT,L,NACDM,76
S0586,Bio101,F,IS,L3,GOOD,OUT_REGION,VERYGOOD,L,LECTR,76
S0587,Chem101,M,IT,L3,PASS,OUT_REGION,EXCELLENT,L,ASOC,67
S0588,Eng101,F,IS,L1,GOOD,IN_REGION,PASS,L,PROF,57
S0589,Phys101,F,IT,L3,EXCELLENT,OUT_REGION,EXCELLENT,C,PROF,96
S0590,Math101,M,CS,L3,EXCELLENT,OUT_REGION,VERYGOOD,C,ASSTS,86
S0591,Phys101,M,IS,L1,PASS,IN_REGION,PASS,L,ASSTS,75
S0592,Phys101,F,SE,L2,PASS,IN_REGION,GOOD,L,NACDM,91
S0593,Eng101,M,SE,L3,VERYGOOD,OUT_REGION,PASS,B,ASOC,57
S0594,Eng101,M,CS,L2,VERYGOOD,OUT_REGION,GOOD,C,LECTR,92
S0595,Bio101,M,SE,L4,GOOD,IN_REGION,GOOD,B,ASOC,87
S0596,Eng101,F,IT,L3,GOOD,OUT_REGION,PASS,C,PROF,99
S0597,Bio101,M,CS,L2,GOOD,OUT_REGION,PASS,C,NACDM,80
S0598,Bio101,M,SE,L4,EXCELLENT,OUT_REGION,GOOD,B,LECTR,69
S0599,Math101,M,IS,L4,EXCELLENT,IN_REGION,GOOD,B,LECTR,51
S0600,Bio101,F,IT,L3,GOOD,IN_REGION,EXCELLENT,C,ASOC,53
S0601,Phys101,M,CS,L4,VERYGOOD,OUT_REGION,GOOD,L,NACDM,91
S0602,Eng101,M,IT,L4,EXCELLENT,IN_REGION,GOOD,C,PROF,90
S0603,Bio101,F,IT,L3,PASS,OUT_REGION,GOOD,L,PROF,57
S0604,Eng101,M,IS,L1,VERYGOOD,IN_REGION,GOOD,L,NACDM,89
S0605,Phys101,F,IS,L1,VERYGOOD,OUT_REGION,EXCELLENT,L,LECTR,64
S0606,Math101,M,CS,L2,EXCELLENT,IN_REGION,EXCELLENT,L,ASSTS,93
S0607,Phys101,M,SE,L1,VERYGOOD,OUT_REGION,GOOD,B,PROF,100
S0608,Chem101,F,CS,L2,PASS,OUT_REGION,VERYGOOD,B,PROF,97
S0609,Chem101,F,CS,L3,GOOD,OUT_REGION,VERYGOOD,C,NACDM,57
S0610,Math101,F,IT,L3,PASS,OUT_REGION,GOOD,C,LECTR,63
S0611,Chem101,M,SE,L3,GOOD,IN_REGION,PASS,L,ASSTS,60
S0612,Math101,M,CS,L1,VERYGOOD,OUT_REGION,VERYGOOD,B,NACDM,94
S0613,Math101,M,CS,L2,VERYGOOD,IN_REGION,PASS,B,NACDM,85
S0614,Math101,M,SE,L1,VERYGOOD,OUT_REGION,VERYGOOD,L,PROF,82
S0615,Phys101,F,IS,L4,VERYGOOD,IN_REGION,EXCELLENT,C,ASSTS,59
S0616,Chem101,M,IT,L3,GOOD,OUT_REGION,PASS,L,PROF,68
S0617,Chem101,M,IT,L3,VERYGOOD,IN_REGION,PASS,L,ASSTS,71
S0618,Eng101,M,SE,L4,PASS,IN_REGION,VERYGOOD,B,ASOC,76
S0619,Bio101,F,SE,L1,GOOD,OUT_REGION,GOOD,L,NACDM,96
S0620,Math101,F,CS,L4,PASS,IN_REGION,GOOD,L,NACDM,100
S0621,Math101,F,IS,L3,PASS,OUT_REGION,PASS,L,PROF,71
S0622,Bio101,F,CS,L2,GOOD,IN_REGION,EXCELLENT,C,ASSTS,71
S0623,Math101,M,IS,L2,VERYGOOD,OUT_REGION,VERYGOOD,L,PROF,86
S0624,Phys101,F,IT,L3,GOOD,IN_REGION,VERYGOOD,L,PROF,96
S0625,Phys101,M,IT,L1,VERYGOOD,OUT_REGION,VERYGOOD,B,ASOC,77
S0626,Chem101,F,IT,L4,EXCELLENT,OUT_REGION,GOOD,L,ASOC,70
S0627,Phys101,M,IS,L1,PASS,OUT_REGION,VERYGOOD,L,ASOC,89
S0628,Eng101,M,SE,L3,EXCELLENT,OUT_REGION,EXCELLENT,L,ASOC,91
S0629,Phys101,F,CS,L3,PASS,OUT_REGION,VERYGOOD,B,PROF,69
S0630,Phys101,M,IS,L3,GOOD,IN_REGION,PASS,B,PROF,53
S0631,Math101,M,SE,L1,EXCELLENT,OUT_REGION,EXCELLENT,L,PROF,77
S0632,Eng101,M,SE,L3,GOOD,OUT_REGION,GOOD,L,NACDM,90
S0633,Chem101,F,IS,L2,PASS,IN_REGION,EXCELLENT,C,ASSTS,64
S0634,Bio101,F,IS,L3,PASS,IN_REGION,VERYGOOD,B,ASOC,84
S0635,Chem101,F,IT,L1,VERYGOOD,OUT_REGION,EXCELLENT,L,PROF,65
S0636,Math101,M,CS,L3,PASS,OUT_REGION,VERYGOOD,L,ASSTS,64
S0637,Chem101,M,SE,L2,GOOD,OUT_REGION,PASS,B,PROF,68
S0638,Math101,M,SE,L1,VERYGOOD,IN_REGION,GOOD,C,LECTR,51
S0639,Bio101,M,IS,L4,PASS,OUT_REGION,VERYGOOD,B,NACDM,57
S0640,Eng101,M,CS,L2,PASS,IN_REGION,GOOD,B,LECTR,60
S0641,Chem101,F,CS,L1,PASS,IN_REGION,VERYGOOD,C,LECTR,52
S0642,Bio101,M,IT,L4,EXCELLENT,OUT_REGION,EXCELLENT,L,PROF,86
S0643,Bio101,M,CS,L4,EXCELLENT,IN_REGION,GOOD,L,ASOC,73
S0644,Math101,M,CS,L1,VERYGOOD,IN_REGION,VERYGOOD,L,PROF,79
S0645,Eng101,F,CS,L1,EXCELLENT,IN_REGION,PASS,B,LECTR,80
S0646,Phys101,F,IT,L4,GOOD,OUT_REGION,GOOD,C,ASSTS,59
S0647,Bio101,M,IS,L1,VERYGOOD,OUT_REGION,EXCELLENT,L,NACDM,61
S0648,Math101,M,IT,L2,VERYGOOD,IN_REGION,VERYGOOD,C,PROF,59
S0649,Chem101,F,CS,L1,PASS,IN_REGION,PASS,B,ASSTS,52
S0650,Math101,M,CS,L4,EXCELLENT,IN_REGION,PASS,B,PROF,66
S0651,Math101,M,CS,L2,PASS,IN_REGION,EXCELLENT,B,NACDM,85
S0652,Chem101,F,IT,L3,VERYGOOD,IN_REGION,EXCELLENT,L,LECTR,89
S0653,Math101,M,IS,L3,GOOD,OUT_REGION,GOOD,L,NACDM,50
S0654,Chem101,M,CS,L3,PASS,IN_REGION,EXCELLENT,C,ASSTS,99
S0655,Chem101,M,CS,L2,VERYGOOD,IN_REGION,PASS,C,LECTR,84
S0656,Math101,M,SE,L3,GOOD,OUT_REGION,PASS,C,LECTR,71
S0657,Math101,M,CS,L2,PASS,IN_REGION,PASS,B,LECTR,63
S0658,Eng101,F,IS,L4,EXCELLENT,IN_REGION,PASS,C,LECTR,84
S0659,Math101,M,IT,L2,PASS,IN_REGION,PASS,C,PROF,59
S0660,Bio101,F,SE,L1,PASS,IN_REGION,GOOD,C,PROF,99
S0661,Chem101,M,CS,L4,GOOD,IN_REGION,EXCELLENT,B,LECTR,62
S0662,Math101,M,CS,L3,VERYGOOD,OUT_REGION,VERYGOOD,B,ASSTS,99
S0663,Phys101,M,SE,L2,EXCELLENT,IN_REGION,GOOD,L,ASOC,100
S0664,Math101,F,SE,L1,PASS,IN_REGION,VERYGOOD,C,PROF,69
S0665,Bio101,F,CS,L4,VERYGOOD,IN_REGION,VERYGOOD,C,ASSTS,76
S0666,Eng101,F,IT,L2,VERYGOOD,IN_REGION,VERYGOOD,B,ASOC,94
S0667,Chem101,F,SE,L3,EXCELLENT,OUT_REGION,PASS,C,ASSTS,97
S0668,Bio101,F,SE,L1,EXCELLENT,IN_REGION,EXCELLENT,B,ASOC,77
S0669,Chem101,F,IS,L1,PASS,IN_REGION,EXCELLENT,B,LECTR,94
S0670,Math101,F,IT,L3,VERYGOOD,OUT_REGION,VERYGOOD,B,ASOC,94
S0671,Bio101,F,CS,L3,GOOD,OUT_REGION,VERYGOOD,C,PROF,65
S0672,Phys101,M,IT,L3,EXCELLENT,IN_REGION,EXCELLENT,L,PROF,100
S0673,Chem101,F,IT,L2,VERYGOOD,OUT_REGION,EXCELLENT,B,NACDM,83
S0674,Math101,M,CS,L2,EXCELLENT,OUT_REGION,GOOD,B,PROF,78
S0675,Chem101,M,CS,L3,PASS,OUT_REGION,EXCELLENT,C,NACDM,96
S0676,Bio101,F,SE,L3,VERYGOOD,IN_REGION,EXCELLENT,L,PROF,54
S0677,Eng101,M,IT,L4,VERYGOOD,IN_REGION,VERYGOOD,C,ASSTS,72
S0678,Bio101,M,IT,L3,PASS,IN_REGION,PASS,B,ASOC,87
S0679,Chem101,F,SE,L3,EXCELLENT,IN_REGION,GOOD,C,LECTR,65
S0680,Math101,M,IT,L1,GOOD,IN_REGION,VERYGOOD,L,ASSTS,57
S0681,Bio101,M,IS,L3,VERYGOOD,OUT_REGION,VERYGOOD,B,PROF,68
S0682,Math101,F,IS,L1,PASS,OUT_REGION,VERYGOOD,C,NACDM,63
S0683,Bio101,M,IT,L1,PASS,IN_REGION,GOOD,L,ASOC,82
S0684,Phys101,M,CS,L3,VERYGOOD,IN_REGION,GOOD,C,ASOC,69
S0685,Chem101,F,SE,L1,GOOD,IN_REGION,VERYGOOD,B,NACDM,91
S0686,Eng101,F,CS,L4,PASS,IN_REGION,VERYGOOD,C,ASSTS,84
S0687,Bio101,F,IT,L4,VERYGOOD,IN_REGION,PASS,L,PROF,70
S0688,Phys101,F,SE,L4,PASS,OUT_REGION,GOOD,C,ASOC,72
S0689,Eng101,M,CS,L1,GOOD,IN_REGION,GOOD,B,NACDM,92
S0690,Bio101,F,IT,L3,EXCELLENT,OUT_REGION,GOOD,C,PROF,60
S0691,Chem101,F,CS,L1,GOOD,OUT_REGION,GOOD,L,ASSTS,67
S0692,Math101,M,CS,L1,GOOD,IN_REGION,GOOD,C,ASSTS,59
S0693,Math101,M,IT,L2,VERYGOOD,OUT_REGION,PASS,B,NACDM,85
S0694,Chem101,F,CS,L2,GOOD,IN_REGION,GOOD,C,ASSTS,54
S0695,Phys101,M,CS,L4,PASS,OUT_REGION,GOOD,B,LECTR,82
S0696,Eng101,F,IT,L1,VERYGOOD,IN_REGION,PASS,L,ASOC,98
S0697,Phys101,F,CS,L2,EXCELLENT,IN_REGION,PASS,B,LECTR,79
S0698,Math101,M,CS,L4,VERYGOOD,IN_REGION,PASS,B,NACDM,88
S0699,Math101,M,IT,L4,EXCELLENT,OUT_REGION,GOOD,B,PROF,88
S0700,Math101,F,CS,L1,GOOD,OUT_REGION,EXCELLENT,L,ASOC,50
S0701,Math101,M,IT,L1,EXCELLENT,IN_REGION,VERYGOOD,B,NACDM,55
S0702,Math101,M,CS,L1,EXCELLENT,OUT_REGION,GOOD,B,NACDM,55
S0703,Math101,M,SE,L2,PASS,OUT_REGION,VERYGOOD,L,ASOC,52
S0704,Bio101,F,CS,L2,PASS,IN_REGION,VERYGOOD,L,NACDM,88
S0705,Chem101,F,SE,L1,EXCELLENT,OUT_REGION,GOOD,B,LECTR,95
S0706,Math101,F,IT,L3,EXCELLENT,IN_REGION,PASS,L,ASOC,51
S0707,Bio101,M,IS,L3,VERYGOOD,OUT_REGION,GOOD,C,ASOC,68
S0708,Bio101,F,CS,L4,EXCELLENT,IN_REGION,VERYGOOD,L,ASSTS,95
S0709,Eng101,F,SE,L4,PASS,IN_REGION,PASS,B,PROF,70
S0710,Bio101,M,SE,L1,EXCELLENT,IN_REGION,PASS,L,PROF,50
S0711,Eng101,F,CS,L1,GOOD,IN_REGION,PASS,B,LECTR,93
S0712,Chem101,M,SE,L2,EXCELLENT,OUT_REGION,GOOD,B,LECTR,96
S0713,Math101,F,SE,L2,PASS,OUT_REGION,PASS,L,LECTR,83
S0714,Phys101,M,CS,L1,PASS,IN_REGION,EXCELLENT,L,PROF,76
S0715,Phys101,M,IS,L3,GOOD,IN_REGION,PASS,B,LECTR,96
S0716,Eng101,M,IT,L2,VERYGOOD,IN_REGION,GOOD,C,NACDM,69
S0717,Bio101,M,IS,L3,PASS,IN_REGION,PASS,L,ASOC,62
S0718,Eng101,F,IS,L2,PASS,IN_REGION,EXCELLENT,C,NACDM,79
S0719,Eng101,F,CS,L2,VERYGOOD,OUT_REGION,GOOD,B,PROF,88
S0720,Math101,M,IT,L2,GOOD,OUT_REGION,VERYGOOD,L,PROF,77
S0721,Chem101,F,SE,L3,GOOD,OUT_REGION,PASS,B,ASOC,96
S0722,Bio101,F,IT,L1,EXCELLENT,IN_REGION,GOOD,L,PROF,86
S0723,Bio101,M,IT,L2,EXCELLENT,IN_REGION,GOOD,C,PROF,99
S0724,Bio101,M,IS,L3,VERYGOOD,OUT_REGION,PASS,B,LECTR,57
S0725,Chem101,M,CS,L2,PASS,IN_REGION,VERYGOOD,B,PROF,86
S0726,Eng101,F,IT,L1,EXCELLENT,OUT_REGION,PASS,B,ASOC,66
S0727,Bio101,F,IS,L4,EXCELLENT,OUT_REGION,PASS,L,NACDM,89
S0728,Bio101,M,SE,L3,EXCELLENT,IN_REGION,EXCELLENT,C,PROF,90
S0729,Math101,F,SE,L3,EXCELLENT,OUT_REGION,EXCELLENT,C,ASSTS,61
S0730,Eng101,M,IS,L1,EXCELLENT,IN_REGION,PASS,B,LECTR,50
S0731,Math101,F,IT,L2,GOOD,OUT_REGION,EXCELLENT,B,ASOC,55
S0732,Chem101,F,CS,L4,VERYGOOD,IN_REGION,PASS,C,ASSTS,94
S0733,Chem101,F,SE,L2,VERYGOOD,OUT_REGION,VERYGOOD,L,ASOC,91
S0734,Chem101,M,CS,L3,PASS,IN_REGION,PASS,L,ASOC,59
S0735,Bio101,M,SE,L1,VERYGOOD,OUT_REGION,VERYGOOD,L,ASOC,79
S0736,Chem101,F,SE,L4,EXCELLENT,IN_REGION,GOOD,B,PROF,94
S0737,Chem101,M,SE,L3,PASS,OUT_REGION,PASS,B,PROF,76
S0738,Phys101,M,IT,L1,GOOD,IN_REGION,PASS,B,LECTR,76
S0739,Bio101,F,CS,L2,GOOD,OUT_REGION,PASS,C,LECTR,90
S0740,Math101,F,IT,L4,PASS,IN_REGION,VERYGOOD,C,ASOC,58
S0741,Eng101,M,CS,L2,PASS,IN_REGION,PASS,L,LECTR,68
S0742,Chem101,F,IS,L4,VERYGOOD,OUT_REGION,PASS,B,NACDM,54
S0743,Eng101,M,CS,L1,VERYGOOD,OUT_REGION,GOOD,B,PROF,86
S0744,Math101,M,SE,L2,EXCELLENT,OUT_REGION,EXCELLENT,C,ASOC,65
S0745,Phys101,F,IT,L2,GOOD,OUT_REGION,GOOD,L,LECTR,66
S0746,Math101,M,IS,L2,GOOD,IN_REGION,PASS,C,ASSTS,67
S0747,Math101,M,SE,L1,EXCELLENT,OUT_REGION,GOOD,B,ASSTS,92
S0748,Chem101,F,CS,L3,VERYGOOD,IN_REGION,VERYGOOD,C,ASSTS,69
S0749,Chem101,M,CS,L4,VERYGOOD,OUT_REGION,EXCELLENT,C,ASSTS,91
S0750,Eng101,M,CS,L3,GOOD,IN_REGION,EXCELLENT,B,ASOC,88
S0751,Chem101,F,IT,L3,PASS,IN_REGION,PASS,C,LECTR,92
S0752,Bio101,F,IT,L2,EXCELLENT,IN_REGION,EXCELLENT,C,ASOC,86
S0753,Phys101,F,CS,L2,PASS,OUT_REGION,PASS,L,ASOC,75
S0754,Math101,F,CS,L4,EXCELLENT,IN_REGION,VERYGOOD,B,ASSTS,98
S0755,Chem101,F,CS,L1,GOOD,IN_REGION,EXCELLENT,B,PROF,71
S0756,Eng101,F,CS,L2,GOOD,OUT_REGION,GOOD,B,PROF,56
S0757,Eng101,F,SE,L1,VERYGOOD,IN_REGION,EXCELLENT,C,PROF,77
S0758,Phys101,F,CS,L1,EXCELLENT,IN_REGION,EXCELLENT,B,PROF,61
S0759,Chem101,M,IS,L1,PASS,OUT_REGION,GOOD,C,ASSTS,63
S0760,Math101,M,IT,L4,PASS,OUT_REGION,VERYGOOD,C,LECTR,60
S0761,Math101,M,SE,L4,GOOD,OUT_REGION,VERYGOOD,L,ASSTS,99
S0762,Math101,F,IS,L2,VERYGOOD,OUT_REGION,EXCELLENT,B,NACDM,53
S0763,Chem101,F,CS,L1,GOOD,IN_REGION,PASS,L,ASOC,68
S0764,Chem101,M,IT,L2,GOOD,IN_REGION,GOOD,C,NACDM,60
S0765,Chem101,M,CS,L4,PASS,OUT_REGION,PASS,B,ASOC,60
S0766,Chem101,M,SE,L1,EXCELLENT,OUT_REGION,PASS,L,LECTR,62
S0767,Bio101,M,CS,L1,GOOD,IN_REGION,PASS,B,PROF,58
S0768,Bio101,M,SE,L4,VERYGOOD,IN_REGION,PASS,B,ASOC,51
S0769,Bio101,M,SE,L4,EXCELLENT,OUT_REGION,PASS,L,NACDM,98
S0770,Bio101,M,CS,L2,VERYGOOD,OUT_REGION,VERYGOOD,C,ASOC,97
S0771,Phys101,F,CS,L2,PASS,OUT_REGION,GOOD,C,ASOC,100
S0772,Bio101,F,CS,L1,PASS,IN_REGION,PASS,C,LECTR,96
S0773,Math101,F,SE,L2,GOOD,OUT_REGION,PASS,C,ASOC,90
S0774,Eng101,M,SE,L3,PASS,OUT_REGION,GOOD,L,NACDM,54
S0775,Bio101,M,SE,L2,PASS,OUT_REGION,VERYGOOD,C,PROF,57
S0776,Math101,F,IT,L4,VERYGOOD,IN_REGION,VERYGOOD,L,PROF,59
S0777,Math101,F,SE,L4,VERYGOOD,IN_REGION,EXCELLENT,C,ASSTS,77
S0778,Phys101,M,IS,L2,VERYGOOD,IN_REGION,EXCELLENT,C,NACDM,68
S0779,Eng101,F,IT,L3,EXCELLENT,IN_REGION,PASS,B,ASOC,57
S0780,Chem101,M,IT,L2,VERYGOOD,OUT_REGION,PASS,L,NACDM,71
S0781,Phys101,M,IS,L2,GOOD,IN_REGION,PASS,B,NACDM,99
S0782,Math101,F,IT,L2,VERYGOOD,OUT_REGION,PASS,L,ASOC,72
S0783,Math101,F,IS,L2,GOOD,OUT_REGION,GOOD,C,NACDM,76
S0784,Phys101,M,SE,L3,EXCELLENT,IN_REGION,EXCELLENT,B,ASSTS,99
S0785,Math101,F,IT,L2,GOOD,OUT_REGION,PASS,C,ASSTS,90
S0786,Eng101,M,IT,L2,PASS,OUT_REGION,EXCELLENT,C,PROF,71
S0787,Math101,M,IT,L2,VERYGOOD,OUT_REGION,GOOD,C,ASSTS,77
S0788,Bio101,F,CS,L3,GOOD,IN_REGION,GOOD,L,ASOC,99
S0789,Phys101,M,SE,L4,VERYGOOD,OUT_REGION,VERYGOOD,B,ASOC,87
S0790,Math101,M,CS,L4,VERYGOOD,OUT_REGION,EXCELLENT,B,ASSTS,54
S0791,Eng101,F,IS,L1,PASS,IN_REGION,GOOD,C,ASOC,96
S0792,Math101,M,IS,L2,VERYGOOD,IN_REGION,EXCELLENT,L,ASOC,54
S0793,Math101,F,CS,L1,VERYGOOD,IN_REGION,VERYGOOD,L,ASOC,76
S0794,Math101,M,CS,L4,PASS,IN_REGION,EXCELLENT,B,PROF,67
S0795,Phys101,M,SE,L2,GOOD,OUT_REGION,PASS,C,PROF,76
S0796,Eng101,M,IS,L3,PASS,IN_REGION,VERYGOOD,L,PROF,72
S0797,Bio101,M,CS,L2,EXCELLENT,OUT_REGION,PASS,L,ASSTS,94
S0798,Phys101,M,SE,L2,VERYGOOD,OUT_REGION,PASS,C,ASSTS,50
S0799,Chem101,M,IS,L1,GOOD,IN_REGION,EXCELLENT,L,ASOC,53
S0800,Phys101,M,CS,L4,EXCELLENT,OUT_REGION,VERYGOOD,C,PROF,61
